City_ID,City,Country,Date,Lat,Lng,Max Temp,Humidity,Cloudiness,Wind Speed
0,Avarua,CK,2020-08-25 04:47:39,-21.21,-159.78,75.2,73,62,13.87
1,Rikitea,PF,2020-08-25 04:47:01,-23.12,-134.97,71.64,88,0,10.31
2,Abilene,US,2020-08-25 04:47:39,32.45,-99.73,82.4,39,1,10.29
3,Leningradskiy,RU,2020-08-25 04:47:39,69.38,178.42,42.53,90,100,8.93
4,Cape Town,ZA,2020-08-25 04:47:40,-33.93,18.42,51.01,100,82,3.36
5,Hobart,AU,2020-08-25 04:44:12,-42.88,147.33,55.4,47,75,13.87
6,Airai,TL,2020-08-25 04:47:40,-8.93,125.41,74.19,40,0,8.32
7,Busselton,AU,2020-08-25 04:47:40,-33.65,115.33,63.0,62,49,3.0
8,Chicama,PE,2020-08-25 04:47:40,-7.84,-79.15,58.82,87,19,4.45
9,Kano,NG,2020-08-25 04:47:40,12.0,8.52,71.6,94,74,4.7
10,Coquimbo,CL,2020-08-25 04:37:46,-29.95,-71.34,52.59,80,4,3.51
11,Hermanus,ZA,2020-08-25 04:47:03,-34.42,19.23,45.0,94,100,6.15
12,Vaini,TO,2020-08-25 04:47:40,-21.2,-175.2,78.8,83,20,6.93
13,Ushuaia,AR,2020-08-25 04:46:52,-54.8,-68.3,32.0,90,75,3.36
14,Butaritari,KI,2020-08-25 04:47:40,3.07,172.79,82.13,69,100,7.99
15,Srandakan,ID,2020-08-25 04:47:08,-7.94,110.25,87.22,56,0,16.96
16,Bam,IR,2020-08-25 04:43:35,29.11,58.36,93.25,22,28,5.08
17,Kodiak,US,2020-08-25 04:47:41,57.79,-152.41,62.6,51,1,9.17
18,Mataura,NZ,2020-08-25 04:47:41,-46.19,168.86,45.0,72,79,11.01
19,Laje,BR,2020-08-25 04:47:41,-10.18,-40.97,65.98,83,38,11.77
20,Inirida,CO,2020-08-25 04:47:41,3.87,-67.92,72.61,96,91,1.72
21,Copalillo,MX,2020-08-25 04:47:41,18.03,-99.12,72.0,83,100,0.94
22,Georgetown,MY,2020-08-25 04:43:36,5.41,100.34,89.6,66,20,6.93
23,Gravdal,NO,2020-08-25 04:47:41,68.12,13.5,44.6,93,75,4.7
24,Cap Malheureux,MU,2020-08-25 04:37:45,-19.98,57.61,71.01,78,35,7.0
25,Albany,US,2020-08-25 04:43:06,42.6,-73.97,70.0,100,40,3.91
26,Kapaa,US,2020-08-25 04:47:41,22.08,-159.32,82.4,69,75,10.29
27,Shishou,CN,2020-08-25 04:47:41,29.72,112.42,77.77,86,100,7.63
28,Broome,US,2020-08-25 04:47:13,42.25,-75.83,69.01,88,20,6.93
29,Nanortalik,GL,2020-08-25 04:47:41,60.14,-45.24,42.49,87,81,8.16
30,Ravne,SI,2020-08-25 04:47:41,45.96,15.01,60.01,88,55,1.88
31,Humaita,BR,2020-08-25 04:47:41,-7.51,-63.02,72.43,48,0,0.16
32,Punta Arenas,CL,2020-08-25 04:43:04,-53.15,-70.92,30.2,92,0,9.17
33,Isangel,VU,2020-08-25 04:47:42,-19.55,169.27,77.0,88,75,9.17
34,Tarakan,ID,2020-08-25 04:47:42,3.3,117.63,83.3,70,7,3.98
35,Nome,US,2020-08-25 04:47:33,64.5,-165.41,55.4,71,75,5.82
36,Sorong,ID,2020-08-25 04:42:50,-0.88,131.25,83.44,77,32,11.39
37,Clyde River,CA,2020-08-25 04:47:42,70.47,-68.59,38.43,91,83,5.12
38,Havelock,US,2020-08-25 04:47:42,34.88,-76.9,81.0,78,40,6.93
39,Chute-Aux-Outardes,CA,2020-08-25 04:47:42,49.12,-68.4,60.8,55,90,9.17
40,Beringovskiy,RU,2020-08-25 04:47:42,63.05,179.32,52.14,76,50,5.08
41,Nikolskoye,RU,2020-08-25 04:47:42,59.7,30.79,59.0,87,16,4.47
42,Duldurga,RU,2020-08-25 04:47:42,50.68,113.59,66.52,53,76,5.23
43,Dingle,PH,2020-08-25 04:47:42,11.0,122.67,88.79,70,66,9.75
44,Luwuk,ID,2020-08-25 04:47:42,-0.95,122.79,83.5,66,30,9.6
45,Severo-Kurilsk,RU,2020-08-25 04:47:43,50.68,156.12,56.98,76,28,6.15
46,Jamestown,US,2020-08-25 04:47:43,42.1,-79.24,69.8,83,20,6.93
47,Sao Filipe,CV,2020-08-25 04:47:43,14.9,-24.5,77.45,80,36,1.99
48,Poya,NC,2020-08-25 04:47:43,-21.35,165.15,73.58,60,1,12.33
49,Sitka,US,2020-08-25 04:47:43,57.05,-135.33,55.4,82,90,9.17
50,Cabedelo,BR,2020-08-25 04:47:43,-6.98,-34.83,68.0,94,0,6.93
51,Faanui,PF,2020-08-25 04:47:43,-16.48,-151.75,77.38,81,9,18.39
52,Bredasdorp,ZA,2020-08-25 04:47:43,-34.53,20.04,51.8,100,100,4.7
53,Mar Del Plata,AR,2020-08-25 04:44:39,-38.0,-57.56,53.6,93,90,16.04
54,Port Alfred,ZA,2020-08-25 04:47:43,-33.59,26.89,61.68,85,100,16.24
55,Erzin,TR,2020-08-25 04:47:43,36.96,36.2,75.99,68,0,1.21
56,Puerto Ayora,EC,2020-08-25 04:47:44,-0.74,-90.35,66.99,87,76,1.01
57,Barrow,US,2020-08-25 04:47:44,71.29,-156.79,42.8,81,90,6.93
58,Toamasina,MG,2020-08-25 04:47:44,-18.17,49.38,66.2,93,20,1.23
59,Atuona,PF,2020-08-25 04:47:44,-9.8,-139.03,78.57,76,10,14.05
60,Tasiilaq,GL,2020-08-25 04:47:44,65.61,-37.64,37.4,89,23,2.19
61,Saldanha,ZA,2020-08-25 04:37:53,-33.01,17.94,42.8,93,2,3.36
62,Zhanakorgan,KZ,2020-08-25 04:47:44,43.91,67.25,74.48,39,0,10.51
63,Sainte-Maxime,FR,2020-08-25 04:47:44,43.3,6.63,70.0,76,34,3.36
64,Hilo,US,2020-08-25 04:43:35,19.73,-155.09,82.4,69,75,5.82
65,Beyneu,KZ,2020-08-25 04:47:44,45.32,55.2,76.51,30,50,3.0
66,Yellowknife,CA,2020-08-25 04:45:54,62.46,-114.35,55.4,82,75,10.29
67,Hay River,CA,2020-08-25 04:47:44,60.82,-115.8,55.4,82,75,9.17
68,Copiapo,CL,2020-08-25 04:37:51,-27.37,-70.33,55.4,76,52,5.82
69,Westport,US,2020-08-25 04:47:44,41.14,-73.36,78.8,83,1,4.7
70,Rio Gallegos,AR,2020-08-25 04:47:44,-51.62,-69.22,30.2,86,0,10.29
71,Castro,BR,2020-08-25 04:47:05,-24.79,-50.01,46.33,95,40,9.19
72,Torbay,CA,2020-08-25 04:47:45,47.67,-52.73,57.0,100,90,5.82
73,Tuktoyaktuk,CA,2020-08-25 04:47:45,69.45,-133.04,48.2,100,75,8.05
74,Paamiut,GL,2020-08-25 04:47:45,61.99,-49.67,42.22,78,0,10.29
75,Cockburn Town,TC,2020-08-25 04:47:45,21.46,-71.14,83.12,75,0,17.2
76,Codrington,AU,2020-08-25 04:47:45,-38.27,141.97,54.46,71,63,12.33
77,Antalaha,MG,2020-08-25 04:47:31,-14.9,50.28,74.5,74,66,6.13
78,Gouyave,GD,2020-08-25 04:47:45,12.16,-61.73,82.4,83,20,10.29
79,Moron,AR,2020-08-25 04:47:45,-34.65,-58.62,64.99,67,74,4.0
80,Chokurdakh,RU,2020-08-25 04:47:45,70.63,147.92,44.6,60,73,6.73
81,Kismayo,SO,2020-08-25 04:47:35,-0.36,42.55,78.78,78,45,16.73
82,Rocky Mount,US,2020-08-25 04:45:52,35.94,-77.79,77.0,88,1,5.82
83,Montepuez,MZ,2020-08-25 04:47:45,-13.13,39.0,67.62,79,86,3.87
84,Henties Bay,NA,2020-08-25 04:37:46,-22.12,14.28,55.0,90,65,3.09
85,Lazurne,UA,2020-08-25 04:47:45,46.08,32.53,64.0,67,1,4.47
86,Vila Franca Do Campo,PT,2020-08-25 04:47:45,37.72,-25.43,73.4,88,40,8.05
87,Bluff,NZ,2020-08-25 04:47:13,-46.6,168.33,45.0,72,69,11.01
88,Port Said,EG,2020-08-25 04:45:22,31.26,32.28,78.8,83,0,6.93
89,Provideniya,RU,2020-08-25 04:47:46,64.38,-173.3,53.6,76,90,8.95
90,Lalsk,RU,2020-08-25 04:47:46,60.74,47.59,60.44,91,61,6.35
91,East London,ZA,2020-08-25 04:47:46,-33.02,27.91,59.0,100,100,6.93
92,Half Moon Bay,US,2020-08-25 04:43:32,37.46,-122.43,66.0,93,90,4.7
93,Akureyri,IS,2020-08-25 04:47:17,65.68,-18.09,33.8,75,0,0.78
94,La Asuncion,VE,2020-08-25 04:46:35,11.03,-63.86,82.4,83,93,10.29
95,Upernavik,GL,2020-08-25 04:47:29,72.79,-56.15,42.76,88,100,4.52
96,Ilulissat,GL,2020-08-25 04:47:46,69.22,-51.1,39.2,93,90,0.92
97,Port Elizabeth,ZA,2020-08-25 04:47:46,-33.92,25.57,60.8,93,90,16.11
98,Rong Kwang,TH,2020-08-25 04:47:46,18.34,100.32,87.8,62,20,4.7
99,Samarai,PG,2020-08-25 04:47:46,-10.62,150.67,78.87,85,94,15.35
100,Pimentel,PE,2020-08-25 04:47:47,-6.84,-79.93,59.47,91,1,9.6
101,Turukhansk,RU,2020-08-25 04:47:47,65.82,87.98,68.18,55,79,5.57
102,Ullapool,GB,2020-08-25 04:47:47,57.9,-5.16,51.01,92,99,1.99
103,Kirkenes,NO,2020-08-25 04:47:47,69.73,30.05,50.0,81,75,6.93
104,Adrar,MR,2020-08-25 04:47:47,20.5,-10.07,89.96,37,0,17.18
105,Eyl,SO,2020-08-25 04:47:47,7.98,49.82,82.09,53,50,24.0
106,Arraial Do Cabo,BR,2020-08-25 04:47:14,-22.97,-42.03,66.29,64,18,11.41
107,Hithadhoo,MV,2020-08-25 04:47:47,-0.6,73.08,83.44,65,94,0.96
108,Upington,ZA,2020-08-25 04:45:54,-28.45,21.26,50.0,27,0,3.36
109,Yulara,AU,2020-08-25 04:47:47,-25.24,130.99,86.0,13,0,12.75
110,Kavieng,PG,2020-08-25 04:47:47,-2.57,150.8,83.71,69,10,8.16
111,Mama,RU,2020-08-25 04:47:48,58.31,112.9,71.6,33,0,5.53
112,Charters Towers,AU,2020-08-25 04:47:48,-20.1,146.27,78.75,26,36,10.85
113,Rawson,AR,2020-08-25 04:47:48,-43.3,-65.1,45.14,78,2,21.0
114,Grindavik,IS,2020-08-25 04:47:48,63.84,-22.43,44.6,100,20,4.7
115,Lagunas,PE,2020-08-25 04:47:48,-5.23,-75.68,70.2,82,0,2.01
116,Talnakh,RU,2020-08-25 04:43:05,69.49,88.4,64.4,72,40,11.18
117,Luderitz,NA,2020-08-25 04:47:48,-26.65,15.16,53.37,86,0,7.45
118,Cidreira,BR,2020-08-25 04:47:48,-30.18,-50.21,61.56,77,57,21.81
119,Kaitangata,NZ,2020-08-25 04:47:48,-46.28,169.85,43.0,60,31,8.99
120,Geghamasar,AM,2020-08-25 04:47:48,40.31,45.68,49.84,63,5,4.7
121,Uvalde,US,2020-08-25 04:47:48,29.37,-99.77,80.01,61,1,4.7
122,Nizhniy Tsasuchey,RU,2020-08-25 04:47:48,50.52,115.13,67.98,52,32,9.51
123,New Norfolk,AU,2020-08-25 04:47:48,-42.78,147.06,55.0,74,63,1.99
124,Ouango,CF,2020-08-25 04:47:48,4.31,22.56,69.82,95,94,1.5
125,Dikson,RU,2020-08-25 04:47:48,73.51,80.55,48.47,88,97,4.07
126,Saint George,US,2020-08-25 04:47:26,37.1,-113.58,91.4,16,1,5.82
127,Hami,CN,2020-08-25 04:47:48,42.8,93.45,94.44,12,10,3.91
128,Port Hawkesbury,CA,2020-08-25 04:47:48,45.62,-61.35,57.99,100,1,3.36
129,Bud,US,2020-08-25 04:37:53,39.45,-86.18,77.0,94,1,5.77
130,Maldonado,UY,2020-08-25 04:43:44,-34.67,-54.92,57.99,93,74,6.93
131,Jinxiang,CN,2020-08-25 04:47:49,22.86,115.7,90.0,65,1,12.5
132,Saint-Augustin,CA,2020-08-25 04:47:11,51.23,-58.65,53.06,93,0,6.08
133,Heswall,GB,2020-08-25 04:47:49,53.33,-3.1,60.8,100,75,14.99
134,Itarema,BR,2020-08-25 04:47:41,-2.92,-39.92,74.93,87,3,11.74
135,Acajutla,SV,2020-08-25 04:47:49,13.59,-89.83,71.01,100,100,7.14
136,Puerto Narino,CO,2020-08-25 04:47:49,-3.77,-70.38,69.8,100,75,1.79
137,Sinop,TR,2020-08-25 04:47:49,41.77,34.87,71.6,73,0,10.29
138,Asyut,EG,2020-08-25 04:45:22,27.18,31.18,77.0,47,0,9.17
139,Port Lincoln,AU,2020-08-25 04:47:49,-34.73,135.87,55.78,62,44,10.83
140,Yumen,CN,2020-08-25 04:47:49,40.28,97.2,91.78,11,0,12.3
141,Saskylakh,RU,2020-08-25 04:47:49,71.92,114.08,60.39,47,95,15.12
142,Pevek,RU,2020-08-25 04:47:23,69.7,170.31,37.96,97,100,4.16
143,Boddam,GB,2020-08-25 04:47:49,57.47,-1.78,48.0,93,99,2.24
144,Pierre,US,2020-08-25 04:44:00,44.37,-100.35,77.0,83,1,10.29
145,Victoria,HK,2020-08-25 04:46:49,22.29,114.16,93.99,52,1,11.01
146,Iwanai,JP,2020-08-25 04:47:50,42.97,140.51,83.3,59,87,6.13
147,Havre,FR,2020-08-25 04:47:50,49.58,0.33,59.0,87,100,10.29
148,Sao Joao Da Barra,BR,2020-08-25 04:47:50,-21.64,-41.05,62.98,79,1,12.75
149,Kimbe,PG,2020-08-25 04:47:50,-5.55,150.14,83.97,76,47,3.51
150,Buala,SB,2020-08-25 04:47:50,-8.14,159.59,85.03,67,26,4.79
151,Canutama,BR,2020-08-25 04:47:50,-6.53,-64.38,71.29,57,70,0.11
152,Vila Velha,BR,2020-08-25 04:47:40,-20.33,-40.29,64.99,77,40,13.87
153,Rio Grande,BR,2020-08-25 04:47:50,-32.03,-52.1,57.99,91,76,3.0
154,George,ZA,2020-08-25 04:47:50,-33.96,22.46,46.4,100,100,5.82
155,Faya,SA,2020-08-25 04:37:52,18.39,42.45,71.6,60,20,9.73
156,Anadyr,RU,2020-08-25 04:47:50,64.75,177.48,55.4,71,75,13.42
157,Lebu,CL,2020-08-25 04:47:50,-37.62,-73.65,51.93,89,76,20.04
158,Husavik,IS,2020-08-25 04:37:55,66.04,-17.34,33.8,77,0,0.69
159,Meulaboh,ID,2020-08-25 04:46:15,4.14,96.13,87.8,61,0,3.76
160,Marystown,CA,2020-08-25 04:47:51,47.17,-55.15,57.99,100,12,6.38
161,Sur,OM,2020-08-25 04:47:32,22.57,59.53,85.12,64,93,9.93
162,Te Anau,NZ,2020-08-25 04:47:51,-45.42,167.72,40.82,72,52,5.59
163,Krasnoselkup,RU,2020-08-25 04:46:59,65.7,82.47,64.85,54,5,4.79
164,Torva,EE,2020-08-25 04:47:51,58.0,25.93,57.2,87,62,11.41
165,Lujan,AR,2020-08-25 04:47:51,-34.57,-59.1,64.0,77,57,1.99
166,Qaanaaq,GL,2020-08-25 04:47:51,77.48,-69.36,33.39,92,100,7.65
167,Kjollefjord,NO,2020-08-25 04:47:51,70.95,27.35,50.0,81,75,13.87
168,Huamachuco,PE,2020-08-25 04:47:51,-7.8,-78.07,46.33,84,0,3.06
169,Port Blair,IN,2020-08-25 04:47:52,11.67,92.75,84.76,74,100,7.87
170,Poso,ID,2020-08-25 04:47:52,-1.4,120.75,91.99,48,4,5.82
171,Mount Isa,AU,2020-08-25 04:47:52,-20.73,139.5,86.0,12,0,10.29
172,Caravelas,BR,2020-08-25 04:47:52,-17.71,-39.25,65.41,86,0,9.13
173,Nosy Varika,MG,2020-08-25 04:47:52,-20.58,48.53,71.06,78,38,4.9
174,Bengkulu,ID,2020-08-25 04:47:14,-3.8,102.27,88.45,49,97,7.87
175,Samana,DO,2020-08-25 04:47:52,19.21,-69.34,77.81,85,1,5.5
176,Andijon,UZ,2020-08-25 04:47:52,40.78,72.34,78.8,41,0,8.95
177,Esperance,AU,2020-08-25 04:47:20,-33.87,121.9,62.6,72,60,4.7
178,Coihaique,CL,2020-08-25 04:47:52,-45.58,-72.07,32.0,95,75,1.12
179,Mitu,CO,2020-08-25 04:43:24,1.2,-70.17,72.48,82,93,1.99
180,Norman Wells,CA,2020-08-25 04:47:14,65.28,-126.83,60.8,67,40,4.7
181,Padang,ID,2020-08-25 04:47:11,-0.95,100.35,86.92,62,53,5.73
182,Muzhi,RU,2020-08-25 04:47:53,65.37,64.67,60.53,64,92,9.55
183,Pisco,PE,2020-08-25 04:47:53,-13.7,-76.22,60.01,87,20,3.36
184,Irtyshskiy,RU,2020-08-25 04:47:53,58.33,68.13,61.59,64,48,5.32
185,Hulan,CN,2020-08-25 04:47:53,45.98,126.6,84.0,52,76,7.74
186,Iqaluit,CA,2020-08-25 04:47:53,63.75,-68.51,44.6,75,90,12.75
187,Yangcun,CN,2020-08-25 04:47:53,39.36,117.06,89.6,59,100,4.47
188,Narsaq,GL,2020-08-25 04:47:53,60.92,-46.05,41.0,86,24,2.24
189,Nabire,ID,2020-08-25 04:47:53,-3.37,135.48,86.67,62,92,5.64
190,Hamilton,US,2020-08-25 04:45:11,39.18,-84.53,79.0,88,1,4.83
191,Derzhavinsk,KZ,2020-08-25 04:47:53,51.1,66.32,64.18,50,0,7.92
192,Sobolevo,RU,2020-08-25 04:47:53,54.43,31.9,60.57,87,29,3.44
193,Olafsvik,IS,2020-08-25 04:47:54,64.89,-23.71,47.61,81,0,3.36
194,Renfrew,GB,2020-08-25 04:47:54,55.87,-4.39,52.0,87,75,13.87
195,Hualmay,PE,2020-08-25 04:47:54,-11.1,-77.61,59.31,84,14,10.25
196,Ballina,AU,2020-08-25 04:47:54,-28.87,153.57,69.8,55,15,9.17
197,Fuerte Olimpo,PY,2020-08-25 04:47:54,-21.04,-57.87,73.8,57,0,8.3
198,Burnie,AU,2020-08-25 04:47:54,-41.07,145.92,54.0,48,67,15.01
199,Dunedin,NZ,2020-08-25 04:43:36,-45.87,170.5,45.0,70,55,13.0
200,Souillac,MU,2020-08-25 04:47:54,-20.52,57.52,73.4,73,40,13.87
201,Cherskiy,RU,2020-08-25 04:47:21,68.75,161.3,39.92,94,100,3.94
202,Barabai,ID,2020-08-25 04:47:15,-2.58,115.38,93.58,46,19,2.53
203,Verkhnyaya Toyma,RU,2020-08-25 04:47:54,62.23,45.0,59.4,89,49,5.59
204,La Ronge,CA,2020-08-25 04:47:54,55.1,-105.28,55.4,82,40,11.41
205,Lerwick,GB,2020-08-25 04:47:54,60.15,-1.15,46.4,93,30,4.21
206,Gazanjyk,TM,2020-08-25 04:47:54,39.24,55.52,75.51,35,0,3.76
207,Hobyo,SO,2020-08-25 04:47:55,5.35,48.53,79.29,70,81,22.44
208,Khatanga,RU,2020-08-25 04:47:55,71.97,102.5,68.25,50,43,7.2
209,Carnarvon,AU,2020-08-25 04:47:15,-24.87,113.63,71.6,56,0,20.8
210,Santa Maria,BR,2020-08-25 04:44:37,-29.68,-53.81,60.15,79,84,6.53
211,Show Low,US,2020-08-25 04:47:55,34.25,-110.03,73.4,33,1,9.17
212,Hualahuises,MX,2020-08-25 04:47:55,24.88,-99.67,76.82,57,52,1.32
213,Bambous Virieux,MU,2020-08-25 04:47:55,-20.34,57.76,73.4,73,40,13.87
214,Tual,ID,2020-08-25 04:47:39,-5.67,132.75,79.34,78,7,23.71
215,Plouzane,FR,2020-08-25 04:47:55,48.38,-4.62,64.4,88,90,25.28
216,Ust-Nera,RU,2020-08-25 04:47:55,64.57,143.2,54.0,40,44,5.88
217,Luba,GQ,2020-08-25 04:47:55,3.46,8.55,75.45,79,92,3.31
218,Ust-Tsilma,RU,2020-08-25 04:47:55,65.44,52.15,60.04,90,51,4.0
219,Presidencia Roque Saenz Pena,AR,2020-08-25 04:47:55,-26.79,-60.44,78.13,49,97,14.61
220,Taksimo,RU,2020-08-25 04:43:22,56.34,114.88,69.66,46,50,1.45
221,Namibe,AO,2020-08-25 04:47:56,-15.2,12.15,62.76,94,40,1.86
222,Manono,CD,2020-08-25 04:47:56,-7.3,27.42,73.36,63,30,0.25
223,Karpathos,GR,2020-08-25 04:47:56,35.51,27.21,75.2,88,20,17.22
224,Mahebourg,MU,2020-08-25 04:47:56,-20.41,57.7,73.4,73,40,13.87
225,Chernyshevskiy,RU,2020-08-25 04:47:56,63.01,112.47,61.0,39,0,7.72
226,Lipin Bor,RU,2020-08-25 04:47:56,60.26,37.98,58.32,86,7,11.05
227,Selfoss,IS,2020-08-25 04:47:56,63.93,-21.0,50.0,93,26,3.36
228,Ribeira Grande,PT,2020-08-25 04:47:56,38.52,-28.7,73.71,92,46,14.18
229,Gomel,BY,2020-08-25 04:45:45,52.43,30.98,60.8,100,90,2.24
230,Cabra,ES,2020-08-25 04:47:56,37.47,-4.44,73.0,72,31,2.64
231,Denpasar,ID,2020-08-25 04:44:50,-8.65,115.22,86.0,74,40,13.87
232,Sao Miguel,BR,2020-08-25 04:47:56,-5.47,-35.37,69.8,94,2,4.7
233,Kalmunai,LK,2020-08-25 04:47:56,7.42,81.82,86.5,61,86,5.59
234,Ponta Do Sol,PT,2020-08-25 04:47:56,32.67,-17.1,71.6,73,40,14.99
235,Vao,NC,2020-08-25 04:47:56,-22.67,167.48,69.1,66,0,13.47
236,Vestmannaeyjar,IS,2020-08-25 04:47:57,63.44,-20.27,50.0,87,75,5.82
237,Gwadar,PK,2020-08-25 04:47:57,25.12,62.33,83.14,75,94,4.45
238,Longyearbyen,SJ,2020-08-25 04:46:55,78.22,15.64,35.91,81,14,5.46
239,Lorengau,PG,2020-08-25 04:47:57,-2.02,147.27,81.75,82,71,10.94
240,Douentza,ML,2020-08-25 04:47:57,15.0,-2.95,78.33,68,100,2.84
241,Lagos,NG,2020-08-25 04:45:00,6.58,3.75,73.4,94,20,3.56
242,Davila,PH,2020-08-25 04:47:33,18.47,120.58,78.8,94,90,9.17
243,Tshane,BW,2020-08-25 04:47:57,-24.02,21.87,56.14,38,0,10.02
244,Sechura,PE,2020-08-25 04:47:57,-5.56,-80.82,61.03,82,0,9.62
245,Thompson,CA,2020-08-25 04:47:57,55.74,-97.86,50.0,81,90,5.82
246,Praia Da Vitoria,PT,2020-08-25 04:47:57,38.73,-27.07,73.4,73,20,9.01
247,Acapulco,MX,2020-08-25 04:44:16,16.86,-99.89,77.25,90,100,6.15
248,Jumla,NP,2020-08-25 04:47:57,29.27,82.18,76.35,51,67,5.1
249,Stornoway,GB,2020-08-25 04:47:58,58.21,-6.39,53.6,87,100,8.05
250,Lixourion,GR,2020-08-25 04:47:58,38.2,20.43,71.6,88,20,2.84
251,Tuatapere,NZ,2020-08-25 04:47:19,-46.13,167.68,45.0,72,95,11.01
252,Coronado,US,2020-08-25 04:47:58,32.69,-117.18,75.2,73,75,8.05
253,Olinda,BR,2020-08-25 04:47:58,-8.01,-34.86,69.8,83,20,1.12
254,Tsuyama,JP,2020-08-25 04:47:58,35.05,134.0,97.0,59,75,4.7
255,Khani,GE,2020-08-25 04:47:58,41.96,42.96,73.4,53,0,25.28
256,Oranjestad,AW,2020-08-25 04:47:58,12.52,-70.03,84.2,79,20,16.11
257,Lasa,IT,2020-08-25 04:47:58,46.62,10.7,52.0,87,5,3.36
258,Lavrentiya,RU,2020-08-25 04:47:59,65.58,-171.0,48.99,87,90,4.21
259,Yelizovo,RU,2020-08-25 04:47:59,53.19,158.38,64.4,48,17,13.42
260,Hinton,CA,2020-08-25 04:43:42,53.4,-117.59,48.22,81,10,3.18
261,Lloydminster,CA,2020-08-25 04:47:59,53.28,-110.0,62.6,63,90,16.11
262,Ostrovnoy,RU,2020-08-25 04:47:59,68.05,39.51,57.38,72,12,9.75
263,Hasaki,JP,2020-08-25 04:47:13,35.73,140.83,88.0,66,40,9.17
264,Misratah,LY,2020-08-25 04:47:59,32.38,15.09,76.89,75,0,10.83
265,Kulhudhuffushi,MV,2020-08-25 04:47:59,6.62,73.07,82.96,74,60,12.06
266,Batagay-Alyta,RU,2020-08-25 04:47:59,67.8,130.41,47.01,52,59,4.34
267,Ancud,CL,2020-08-25 04:47:34,-41.87,-73.82,41.0,93,90,5.82
268,San Vicente,AR,2020-08-25 04:47:59,-26.62,-54.13,58.46,87,4,4.18
269,Bulawayo,ZW,2020-08-25 04:46:00,-20.15,28.58,57.34,48,0,3.98
270,Mujiayingzi,CN,2020-08-25 04:47:59,42.12,118.78,84.88,27,94,10.27
271,Cabo San Lucas,MX,2020-08-25 04:47:06,22.89,-109.91,82.0,71,0,3.0
272,Komatipoort,ZA,2020-08-25 04:47:59,-25.43,31.95,52.0,78,0,3.06
273,Ferme-Neuve,CA,2020-08-25 04:47:59,46.7,-75.45,64.02,95,91,5.3
274,Anchorage,US,2020-08-25 04:43:23,61.22,-149.9,57.99,82,90,4.63
275,Nemuro,JP,2020-08-25 04:48:00,43.32,145.57,69.8,88,75,3.36
276,Diu,IN,2020-08-25 04:48:00,20.71,70.98,83.91,78,25,20.83
277,Huntington,US,2020-08-25 04:48:00,38.42,-82.45,73.99,88,1,3.56
278,Chuy,UY,2020-08-25 04:48:00,-33.7,-53.46,57.31,88,56,11.74
279,Gizo,SB,2020-08-25 04:48:00,-8.1,156.84,84.25,70,6,4.32
280,Saint-Philippe,RE,2020-08-25 04:48:00,-21.36,55.77,75.2,60,40,4.7
281,Wasilla,US,2020-08-25 04:46:00,61.58,-149.44,57.2,93,90,3.51
282,Hirara,JP,2020-08-25 04:48:01,24.8,125.28,87.8,79,75,19.46
283,Burg,DE,2020-08-25 04:48:01,51.83,14.15,55.99,86,19,1.01
284,Sao Felix Do Xingu,BR,2020-08-25 04:48:01,-6.64,-51.99,73.51,81,88,1.72
285,Payakumbuh,ID,2020-08-25 04:48:01,-0.22,100.63,83.84,59,75,4.74
286,Chalus,IR,2020-08-25 04:48:01,36.66,51.42,66.2,100,90,2.24
287,Araouane,ML,2020-08-25 04:48:01,18.9,-3.53,84.63,57,97,17.27
288,Camacha,PT,2020-08-25 04:48:01,33.08,-16.33,71.6,73,40,8.05
289,Najran,SA,2020-08-25 04:48:02,17.49,44.13,86.0,22,40,5.03
290,Piracuruca,BR,2020-08-25 04:48:02,-3.93,-41.71,69.35,90,0,2.64
291,Ayan,RU,2020-08-25 04:48:02,56.45,138.17,55.51,85,100,10.71
292,Dongsheng,CN,2020-08-25 04:48:02,39.82,109.98,82.33,20,20,13.15
293,Daitari,IN,2020-08-25 04:48:02,21.1,85.75,83.16,77,98,8.14
294,Touros,BR,2020-08-25 04:47:37,-5.2,-35.46,69.8,94,2,4.7
295,Mount Pleasant,US,2020-08-25 04:43:46,32.79,-79.86,75.99,100,75,4.5
296,Lompoc,US,2020-08-25 04:47:13,34.64,-120.46,64.99,88,1,5.21
297,Redlands,US,2020-08-25 04:44:52,34.06,-117.18,84.2,42,5,11.41
298,Kutum,SD,2020-08-25 04:48:02,14.2,24.67,71.94,74,99,3.65
299,Isiro,CD,2020-08-25 04:48:02,2.77,27.62,67.32,93,77,0.89
300,Skhisma,GR,2020-08-25 04:48:02,35.27,25.72,79.0,73,20,4.7
301,Singkang,MY,2020-08-25 04:48:03,2.1,102.8,89.6,66,20,3.36
302,Moncton,CA,2020-08-25 04:45:26,46.12,-64.8,64.4,72,90,8.05
303,Saint-Joseph,RE,2020-08-25 04:48:03,-21.37,55.62,75.2,60,18,4.7
304,Meadow Lake,US,2020-08-25 04:48:03,34.8,-106.54,82.4,26,75,4.7
305,Riyadh,SA,2020-08-25 04:47:05,24.69,46.72,91.4,22,49,2.24
306,Palmer,US,2020-08-25 04:48:03,42.16,-72.33,73.0,94,1,2.42
307,Gunnedah,AU,2020-08-25 04:48:03,-30.98,150.25,55.4,50,40,9.17
308,Soyo,AO,2020-08-25 04:48:03,-6.13,12.37,72.81,90,83,3.85
309,Strakonice,CZ,2020-08-25 04:48:03,49.26,13.9,46.99,99,7,2.66
310,Omboue,GA,2020-08-25 04:48:03,-1.57,9.26,73.45,82,99,4.65
311,Fortuna,US,2020-08-25 04:44:59,40.6,-124.16,55.99,100,40,4.7
312,York,US,2020-08-25 04:46:11,40.13,-77.0,77.0,69,1,3.36
313,Carutapera,BR,2020-08-25 04:48:04,-1.2,-46.02,74.23,89,0,3.11
314,Sept-Iles,CA,2020-08-25 04:43:22,50.2,-66.38,57.0,71,75,3.36
315,Egvekinot,RU,2020-08-25 04:48:04,66.32,-179.17,51.31,77,81,4.92
316,Gweta,BW,2020-08-25 04:48:04,-20.18,25.23,59.65,46,0,4.92
317,Nargana,PA,2020-08-25 04:48:04,9.44,-78.59,80.06,78,100,3.49
318,Mumford,GH,2020-08-25 04:48:04,5.26,-0.76,72.14,92,96,9.17
319,Shingu,JP,2020-08-25 04:48:04,33.73,135.98,87.8,74,40,13.87
320,Lindi,TZ,2020-08-25 04:48:04,-10.0,39.72,72.27,80,60,4.76
321,Tupik,RU,2020-08-25 04:48:04,54.43,119.93,51.39,90,100,8.66
322,Ulladulla,AU,2020-08-25 04:48:04,-35.35,150.47,57.2,47,35,8.05
323,Guadalupe,MX,2020-08-25 04:46:50,25.68,-100.25,78.01,73,20,2.89
324,Fuyang,CN,2020-08-25 04:48:05,32.9,115.82,83.44,72,19,8.86
325,Ambulu,ID,2020-08-25 04:48:05,-8.35,113.61,87.67,52,0,11.45
326,San Jose,US,2020-08-25 04:47:00,37.34,-121.89,71.01,68,75,5.82
327,Fairbanks,US,2020-08-25 04:44:45,64.84,-147.72,62.6,67,90,3.36
328,Bathsheba,BB,2020-08-25 04:48:05,13.22,-59.52,82.4,74,40,12.75
329,Katsuura,JP,2020-08-25 04:48:05,35.13,140.3,88.0,66,20,8.05
330,College,US,2020-08-25 04:47:32,64.86,-147.8,62.6,72,75,4.7
331,Safaga,EG,2020-08-25 04:48:05,26.73,33.94,82.4,37,0,5.82
332,Bilma,NE,2020-08-25 04:48:05,18.69,12.92,88.41,44,46,2.53
333,Gusau,NG,2020-08-25 04:48:05,12.16,6.66,70.14,90,63,8.43
334,Saiha,IN,2020-08-25 04:48:05,22.48,92.97,82.26,71,94,4.05
335,Acari,PE,2020-08-25 04:48:05,-15.43,-74.62,61.57,66,82,3.0
336,Kautokeino,NO,2020-08-25 04:48:05,69.01,23.04,46.89,84,100,5.19
337,Fort Nelson,CA,2020-08-25 04:47:48,58.81,-122.7,53.6,100,75,3.36
338,Glenwood Springs,US,2020-08-25 04:48:06,39.55,-107.32,82.4,43,75,6.93
339,San Cristobal,VE,2020-08-25 04:48:06,7.77,-72.22,65.03,90,99,2.68
340,Aurillac,FR,2020-08-25 04:48:06,44.92,2.45,55.0,81,28,3.36
341,Lishu,CN,2020-08-25 04:48:06,43.3,124.33,80.71,68,73,4.74
342,Yavoriv,UA,2020-08-25 04:48:06,49.94,23.38,60.01,93,100,4.47
343,Barranca,PE,2020-08-25 04:48:06,-10.75,-77.77,58.86,88,30,8.66
344,Coahuayana,MX,2020-08-25 04:48:06,18.73,-103.68,79.02,85,94,0.87
345,Kharan,PK,2020-08-25 04:48:06,28.58,65.42,90.64,41,4,4.63
346,Sumbe,AO,2020-08-25 04:48:06,-11.21,13.84,68.5,89,55,1.81
347,Shenjiamen,CN,2020-08-25 04:48:06,29.96,122.3,85.08,75,97,23.0
348,Behshahr,IR,2020-08-25 04:45:06,36.69,53.55,64.4,93,90,4.7
349,Sola,VU,2020-08-25 04:48:06,-13.88,167.55,82.02,80,10,11.36
350,Lagoa,PT,2020-08-25 04:48:06,39.05,-27.98,73.65,91,42,19.15
351,Aklavik,CA,2020-08-25 04:48:06,68.22,-135.01,64.4,63,20,4.7
352,Pandan,PH,2020-08-25 04:48:07,14.05,124.17,89.33,61,40,0.69
353,Port Hedland,AU,2020-08-25 04:48:07,-20.32,118.57,84.2,66,0,10.29
354,Tshikapa,CD,2020-08-25 04:45:11,-6.42,20.8,72.88,80,35,1.21
355,Gamba,GA,2020-08-25 04:47:50,-2.65,10.0,73.47,83,89,5.41
356,Karratha,AU,2020-08-25 04:48:07,-20.74,116.85,90.63,21,0,10.63
357,Yaan,NG,2020-08-25 04:48:07,7.38,8.57,68.14,96,99,1.28
358,Butterworth,MY,2020-08-25 04:48:07,5.4,100.36,89.6,66,20,6.93
359,Juneau,US,2020-08-25 04:45:01,58.3,-134.42,55.99,93,90,8.05
360,Korla,CN,2020-08-25 04:47:02,41.76,86.15,94.05,16,0,7.25
361,Puerto Baquerizo Moreno,EC,2020-08-25 04:44:20,-0.9,-89.6,65.12,85,79,13.27
362,Bedford,GB,2020-08-25 04:48:07,52.13,-0.47,61.0,96,100,4.0
363,Mitsamiouli,KM,2020-08-25 04:48:07,-11.38,43.28,73.4,83,75,3.36
364,Tapes,BR,2020-08-25 04:48:07,-30.67,-51.4,58.3,84,94,12.88
365,Wagar,SD,2020-08-25 04:48:07,16.15,36.2,83.73,60,21,13.91
366,Havoysund,NO,2020-08-25 04:47:47,71.0,24.66,46.4,100,75,25.28
367,Robertsport,LR,2020-08-25 04:48:08,6.75,-11.37,76.87,83,100,13.62
368,Iracoubo,GF,2020-08-25 04:48:08,5.48,-53.2,78.22,87,2,7.76
369,Lufilufi,WS,2020-08-25 04:48:08,-13.87,-171.6,86.0,66,40,11.41
370,Newport,GB,2020-08-25 04:43:43,51.59,-3.0,60.01,97,100,4.0
371,Tura,IN,2020-08-25 04:48:08,25.52,90.22,83.89,83,59,5.5
372,Umm Kaddadah,SD,2020-08-25 04:48:08,13.6,26.69,78.8,67,94,8.28
373,Kristiinankaupunki,FI,2020-08-25 04:48:08,62.27,21.38,55.87,67,27,10.98
374,Swan Hill,AU,2020-08-25 04:48:08,-35.34,143.55,56.3,48,0,5.86
375,Myra,IT,2020-08-25 04:48:08,45.44,12.13,64.99,88,37,6.93
376,Hovd,MN,2020-08-25 04:46:54,48.01,91.64,71.29,33,37,5.26
377,Ossora,RU,2020-08-25 04:48:08,59.24,163.07,53.15,63,99,3.98
378,Mayo,US,2020-08-25 04:48:08,38.89,-76.51,78.8,83,1,4.7
379,Hofn,IS,2020-08-25 04:48:08,64.25,-15.21,49.12,83,48,2.24
380,Bethel,US,2020-08-25 04:48:08,41.37,-73.41,75.2,73,1,4.7
381,Lakshmipur,BD,2020-08-25 04:45:28,22.95,90.83,82.51,83,82,22.93
382,Carauari,BR,2020-08-25 04:48:09,-4.88,-66.9,71.44,65,2,1.88
383,Goderich,CA,2020-08-25 04:48:09,43.75,-81.72,75.99,83,50,7.63
384,Merauke,ID,2020-08-25 04:48:09,-8.47,140.33,81.45,64,58,20.49
385,The Valley,AI,2020-08-25 04:44:44,18.22,-63.06,82.4,83,40,8.05
386,Norsup,VU,2020-08-25 04:48:09,-16.07,167.38,84.2,79,75,5.82
387,Beaverlodge,CA,2020-08-25 04:48:09,55.22,-119.44,53.6,71,20,11.41
388,Kralendijk,BQ,2020-08-25 04:48:09,12.15,-68.27,82.4,78,99,11.41
389,Kargasok,RU,2020-08-25 04:48:09,59.06,80.86,59.9,74,15,2.8
390,Darhan,MN,2020-08-25 04:48:09,49.49,105.92,66.4,61,85,5.79
391,Mnogovershinnyy,RU,2020-08-25 04:48:09,53.94,139.92,56.16,97,100,5.61
392,Pangnirtung,CA,2020-08-25 04:47:25,66.15,-65.71,44.92,84,100,1.83
393,Margate,GB,2020-08-25 04:48:09,51.38,1.39,63.0,94,100,4.0
394,Makat,KZ,2020-08-25 04:48:09,47.65,53.35,75.96,31,0,7.54
395,Birjand,IR,2020-08-25 04:48:10,32.87,59.22,73.4,53,20,6.93
396,Avera,US,2020-08-25 04:48:10,33.19,-82.53,75.2,95,40,6.93
397,Eidfjord,NO,2020-08-25 04:48:10,60.47,7.07,39.0,79,100,4.76
398,Safford,US,2020-08-25 04:48:10,32.83,-109.71,96.8,19,1,25.28
399,Griffith,US,2020-08-25 04:48:10,41.53,-87.42,78.01,88,1,3.36
400,Keetmanshoop,NA,2020-08-25 04:48:10,-26.58,18.13,51.8,18,0,2.24
401,Altamira,BR,2020-08-25 04:48:10,-3.2,-52.21,71.04,96,77,1.92
402,Barra Patuca,HN,2020-08-25 04:48:10,15.8,-84.28,79.66,88,100,7.78
403,Jalu,LY,2020-08-25 04:48:10,29.03,21.55,75.16,57,0,6.15
404,Chokwe,MZ,2020-08-25 04:48:10,-24.53,32.98,65.57,61,0,4.5
405,Auki,SB,2020-08-25 04:47:07,-8.77,160.7,85.26,66,62,2.82
406,Dudinka,RU,2020-08-25 04:48:10,69.41,86.18,64.4,72,40,11.18
407,Mtwara,TZ,2020-08-25 04:48:11,-10.27,40.18,72.07,84,56,6.49
408,Portland,US,2020-08-25 04:43:15,45.52,-122.68,69.01,69,12,6.38
409,Kodinsk,RU,2020-08-25 04:48:11,58.69,99.18,62.35,83,100,1.3
410,Maniitsoq,GL,2020-08-25 04:48:11,65.42,-52.9,44.24,80,63,3.47
411,Kangaatsiaq,GL,2020-08-25 04:48:11,68.31,-53.46,43.95,90,100,3.58
412,Capreol,CA,2020-08-25 04:48:11,46.71,-80.92,66.2,88,75,6.93
413,Abnub,EG,2020-08-25 04:48:11,27.27,31.15,77.0,47,0,9.17
414,Berlevag,NO,2020-08-25 04:48:11,70.86,29.09,50.0,81,75,13.87
415,Srednekolymsk,RU,2020-08-25 04:48:11,67.45,153.68,42.19,75,100,9.55
416,Kupang,ID,2020-08-25 04:48:11,-10.17,123.58,93.2,24,20,26.4
417,Kamenka,RU,2020-08-25 04:48:11,51.32,42.77,66.99,50,0,6.85
418,Pontes E Lacerda,BR,2020-08-25 04:48:11,-15.23,-59.34,70.9,47,0,0.74
419,Panguipulli,CL,2020-08-25 04:48:11,-39.63,-72.33,51.8,81,20,9.17
420,Clarence Town,AU,2020-08-25 04:48:11,-32.58,151.78,60.01,44,20,10.29
421,Coos Bay,US,2020-08-25 04:46:31,43.37,-124.22,57.2,93,1,18.34
422,Kachug,RU,2020-08-25 04:48:11,53.96,105.88,69.85,55,9,1.92
423,Shelburne,CA,2020-08-25 04:47:21,44.08,-80.2,71.6,83,75,4.7
424,Cayenne,GF,2020-08-25 04:47:37,4.93,-52.33,75.2,100,75,6.11
425,Tiznit,MA,2020-08-25 04:48:12,29.58,-9.5,89.62,17,5,10.07
426,Tabas,IR,2020-08-25 04:48:12,33.6,56.92,87.8,29,27,13.87
427,Rio Tercero,AR,2020-08-25 04:48:12,-32.17,-64.11,61.0,62,18,5.82
428,Bukama,CD,2020-08-25 04:45:12,-9.2,25.85,67.01,55,25,2.8
429,Warwick,US,2020-08-25 04:43:39,41.7,-71.42,73.99,100,1,5.26
430,Lasem,ID,2020-08-25 04:48:12,-6.69,111.45,89.64,45,1,13.47
431,Comodoro Rivadavia,AR,2020-08-25 04:45:01,-45.87,-67.5,39.2,86,90,6.93
432,Kahului,US,2020-08-25 04:48:12,20.89,-156.47,84.2,54,40,18.34
433,Constitucion,CL,2020-08-25 04:48:12,-35.33,-72.42,51.67,87,75,20.51
434,Colares,PT,2020-08-25 04:48:12,38.8,-9.45,68.0,83,62,14.47
435,Byron Bay,AU,2020-08-25 04:44:12,-28.65,153.62,69.8,55,23,9.17
436,Vestmanna,FO,2020-08-25 04:48:12,62.16,-7.17,41.0,100,31,1.12
437,Khovu-Aksy,RU,2020-08-25 04:48:14,51.13,93.6,60.12,49,97,3.8
438,Luanda,AO,2020-08-25 04:47:16,-8.84,13.23,71.6,83,75,2.24
439,Zyryanskoye,RU,2020-08-25 04:48:14,56.83,86.63,66.13,62,1,4.18
440,Beira,MZ,2020-08-25 04:46:08,-19.84,34.84,66.2,93,75,2.24
441,Sioux Lookout,CA,2020-08-25 04:48:14,50.1,-91.92,66.2,77,75,3.36
442,San Andres,CO,2020-08-25 04:48:14,12.58,-81.7,82.4,83,75,4.7
443,Penzance,GB,2020-08-25 04:48:14,50.12,-5.54,61.0,100,100,29.97
444,Oranjemund,NA,2020-08-25 04:48:14,-28.55,16.43,49.08,92,0,0.65
445,Harper,LR,2020-08-25 04:48:14,4.38,-7.72,74.8,82,91,8.37
446,Gerash,IR,2020-08-25 04:48:14,27.67,54.14,80.6,74,90,4.7
447,Santa Cruz Do Capibaribe,BR,2020-08-25 04:48:14,-7.96,-36.2,60.44,93,0,3.8
448,Mayya,RU,2020-08-25 04:48:14,61.73,130.28,59.0,33,10,6.71
449,Shache,CN,2020-08-25 04:48:14,38.42,77.24,96.8,9,0,6.71
450,Zhireken,RU,2020-08-25 04:48:14,52.82,117.31,57.51,74,99,4.45
451,Baykit,RU,2020-08-25 04:48:14,61.67,96.37,66.45,46,62,8.32
452,Tessalit,ML,2020-08-25 04:48:15,20.2,1.01,81.01,58,11,9.4
453,Komsomolskiy,UZ,2020-08-25 04:47:44,40.43,71.72,80.6,30,3,6.93
454,Pokosnoye,RU,2020-08-25 04:48:15,55.53,101.05,61.32,75,77,4.27
455,Rio Brilhante,BR,2020-08-25 04:48:15,-21.8,-54.55,63.73,83,0,6.53
456,Dawei,MM,2020-08-25 04:48:15,14.08,98.2,87.24,63,88,4.74
457,Nouakchott,MR,2020-08-25 04:48:15,18.09,-15.98,78.78,89,30,13.27
458,Boguchany,RU,2020-08-25 04:48:15,58.38,97.45,66.7,66,100,2.8
459,Nayoro,JP,2020-08-25 04:48:15,44.35,142.46,81.72,63,99,8.3
460,Ilhabela,BR,2020-08-25 04:48:15,-23.78,-45.36,63.41,80,43,4.0
461,Mosquera,CO,2020-08-25 04:48:15,4.71,-74.23,53.6,87,75,4.43
462,Ojinaga,MX,2020-08-25 04:48:15,29.57,-104.42,86.0,27,1,14.99
463,Dubbo,AU,2020-08-25 04:48:15,-32.25,148.62,53.6,50,90,14.99
464,Bonavista,CA,2020-08-25 04:47:23,48.65,-53.11,55.0,84,48,4.0
465,Northam,GB,2020-08-25 04:48:15,51.03,-4.22,62.01,96,100,15.01
466,Guane,CU,2020-08-25 04:48:16,22.2,-84.09,78.84,90,100,22.06
467,Kenai,US,2020-08-25 04:48:16,60.55,-151.26,60.8,72,75,10.29
468,Yerbogachen,RU,2020-08-25 04:48:16,61.28,108.01,64.87,40,2,10.42
469,Mariental,NA,2020-08-25 04:48:16,-24.63,17.97,53.51,33,0,5.64
470,Balaguer,ES,2020-08-25 04:48:16,41.79,0.81,66.2,72,26,6.93
471,Tiksi,RU,2020-08-25 04:48:16,71.69,128.87,41.27,71,13,14.09
472,Brae,GB,2020-08-25 04:48:16,60.4,-1.35,46.4,93,41,3.74
473,Snezhnogorsk,RU,2020-08-25 04:48:16,69.19,33.25,48.2,100,40,2.24
474,Rafsanjan,IR,2020-08-25 04:48:16,30.41,55.99,73.71,36,0,12.68
475,Atbasar,KZ,2020-08-25 04:48:16,51.8,68.33,63.37,51,0,10.78
476,Prince George,CA,2020-08-25 04:45:10,53.92,-122.75,54.0,93,90,6.93
477,Plettenberg Bay,ZA,2020-08-25 04:48:16,-34.05,23.37,56.61,79,100,5.3
478,Shumskiy,RU,2020-08-25 04:48:16,54.83,99.13,70.43,48,15,2.46
479,Morgan City,US,2020-08-25 04:48:16,29.7,-91.21,80.6,78,1,12.75
480,Buchanan,LR,2020-08-25 04:48:16,5.88,-10.05,75.81,81,100,9.82
481,Gayny,RU,2020-08-25 04:48:17,60.31,54.32,58.05,98,100,6.33
482,Veracruz,MX,2020-08-25 04:48:17,19.33,-96.67,78.01,94,90,2.48
483,Kaeo,NZ,2020-08-25 04:48:17,-35.1,173.78,59.0,3,7,10.0
484,Flin Flon,CA,2020-08-25 04:48:17,54.77,-101.86,51.67,83,100,8.63
485,Aldama,MX,2020-08-25 04:48:17,22.92,-98.07,80.01,88,15,3.4
486,Bay City,US,2020-08-25 04:48:17,43.59,-83.89,77.0,73,1,5.82
487,Kruisfontein,ZA,2020-08-25 04:48:17,-34.0,24.73,55.0,91,100,1.01
488,Pacific Grove,US,2020-08-25 04:48:17,36.62,-121.92,61.0,97,2,2.75
489,Conceicao Da Barra,BR,2020-08-25 04:48:17,-18.59,-39.73,63.84,83,2,9.4
490,Arraias,BR,2020-08-25 04:48:17,-12.93,-46.94,68.54,63,13,3.74
491,Casablanca,MA,2020-08-25 04:48:17,33.59,-7.62,71.6,94,40,6.93
492,Moranbah,AU,2020-08-25 04:48:17,-22.0,148.05,75.7,21,9,12.5
493,Maarianhamina,AX,2020-08-25 04:48:17,60.1,19.93,53.6,93,25,3.36
494,East Hanover,US,2020-08-25 04:48:18,40.82,-74.36,79.0,88,1,5.82
495,Kununurra,AU,2020-08-25 04:48:18,-15.77,128.73,95.0,10,0,14.99
496,Oxford,GB,2020-08-25 04:48:18,51.75,-1.26,60.8,93,100,14.99
497,Nebbi,UG,2020-08-25 04:48:18,2.48,31.09,68.52,79,72,2.95
498,Klaksvik,FO,2020-08-25 04:48:18,62.23,-6.59,41.0,100,76,1.12
499,Karoi,ZW,2020-08-25 04:48:18,-16.81,29.69,57.13,58,0,3.83
500,Vanavara,RU,2020-08-25 04:48:18,60.34,102.28,67.42,41,100,7.83
501,Ilek,RU,2020-08-25 04:48:18,51.53,53.38,71.15,54,26,5.26
502,San Patricio,MX,2020-08-25 04:48:19,19.22,-104.7,79.57,86,30,2.48
503,Vardo,NO,2020-08-25 04:48:19,70.37,31.11,48.2,81,75,4.7
504,Naze,JP,2020-08-25 04:47:53,28.37,129.48,91.4,79,75,21.92
505,Sisophon,KH,2020-08-25 04:48:19,13.59,102.97,91.96,54,28,8.57
506,Leh,IN,2020-08-25 04:48:19,34.17,77.58,70.79,25,10,4.72
507,Gushikawa,JP,2020-08-25 04:48:19,26.35,127.87,87.8,79,40,18.34
508,Geraldton,AU,2020-08-25 04:47:05,-28.77,114.6,69.8,56,0,10.29
509,Blagoyevo,RU,2020-08-25 04:48:19,63.37,47.92,60.98,78,13,5.3
510,Guamuchil,MX,2020-08-25 04:48:19,25.47,-108.1,87.01,76,60,1.99
511,Contamana,PE,2020-08-25 04:48:19,-7.33,-75.02,69.58,78,0,1.32
512,Indramayu,ID,2020-08-25 04:48:19,-6.33,108.32,87.21,50,0,14.14
513,Lanxi,CN,2020-08-25 04:48:19,29.22,119.48,95.52,51,1,4.65
514,Sorland,NO,2020-08-25 04:48:20,67.67,12.69,44.6,93,75,4.7
515,Trento,IT,2020-08-25 04:48:20,46.07,11.12,55.0,92,43,1.01
516,Madinat Sittah Uktubar,EG,2020-08-25 04:48:20,29.82,31.05,80.6,65,20,2.24
517,San Carlos De Bariloche,AR,2020-08-25 04:47:28,-41.15,-71.31,39.2,86,90,6.93
518,Barguzin,RU,2020-08-25 04:48:20,53.62,109.62,60.96,76,100,3.58
519,Roald,NO,2020-08-25 04:48:20,62.58,6.13,51.8,76,75,16.11
520,Massakory,TD,2020-08-25 04:48:20,13.0,15.73,76.21,84,100,8.43
521,Talcahuano,CL,2020-08-25 04:48:20,-36.72,-73.12,53.6,81,99,17.22
522,Buritis,BR,2020-08-25 04:48:20,-15.62,-46.42,63.12,66,0,4.56
523,Biak,ID,2020-08-25 04:48:20,-0.91,122.88,81.39,71,26,10.47
524,Verkhnevilyuysk,RU,2020-08-25 04:48:20,63.45,120.32,62.49,33,0,3.69
525,Masallatah,LY,2020-08-25 04:48:20,32.62,14.0,71.87,80,0,10.25
526,Atasu,KZ,2020-08-25 04:48:20,48.68,71.64,65.19,53,56,15.12
527,Diffa,NE,2020-08-25 04:48:21,13.32,12.61,75.07,81,79,11.14
528,Bubaque,GW,2020-08-25 04:48:21,11.28,-15.83,80.22,82,87,14.05
529,Chilca,PE,2020-08-25 04:48:21,-12.52,-76.74,60.8,87,90,12.75
530,Kidal,ML,2020-08-25 04:48:21,18.44,1.41,78.64,67,33,3.94
531,Nampula,MZ,2020-08-25 04:48:21,-15.12,39.27,64.4,100,20,5.82
532,Gibara,CU,2020-08-25 04:48:21,21.11,-76.13,78.8,83,20,6.93
533,Vanimo,PG,2020-08-25 04:48:21,-2.67,141.3,85.21,63,83,7.78
534,Matay,EG,2020-08-25 04:48:21,28.42,30.78,79.9,41,0,7.7
535,Victoria Point,AU,2020-08-25 04:48:21,-27.58,153.3,72.0,42,0,3.0
536,Nouadhibou,MR,2020-08-25 04:48:21,20.93,-17.03,75.2,88,0,8.05
537,Lidice,PA,2020-08-25 04:48:21,8.75,-79.9,81.0,99,100,4.5
538,Cheney,US,2020-08-25 04:48:21,47.49,-117.58,75.2,25,75,8.05
539,Wanning,CN,2020-08-25 04:48:22,18.8,110.4,90.1,66,33,13.91
540,Lata,PT,2020-08-25 04:48:22,40.16,-8.33,64.99,100,75,5.82
541,Chuzhou,CN,2020-08-25 04:48:22,32.32,118.3,86.85,66,86,9.33
542,Maungaturoto,NZ,2020-08-25 04:48:22,-36.1,174.37,55.99,88,20,8.99
543,Terrace,CA,2020-08-25 04:46:22,54.52,-128.6,57.2,76,75,13.87
544,Saint-Leu,RE,2020-08-25 04:48:22,-21.15,55.28,75.2,60,0,4.7
545,Matara,LK,2020-08-25 04:48:04,5.95,80.54,86.05,66,23,8.88
546,Hambantota,LK,2020-08-25 04:48:22,6.12,81.12,87.8,66,20,8.05
547,Teya,RU,2020-08-25 04:48:22,60.38,92.63,56.21,90,100,2.46
548,Makakilo City,US,2020-08-25 04:48:22,21.35,-158.09,84.2,54,1,6.93
549,Bure,ET,2020-08-25 04:48:22,10.7,37.07,58.33,95,97,1.59
550,Azanka,RU,2020-08-25 04:48:22,58.04,64.79,53.28,89,100,4.07
551,Olsztyn,PL,2020-08-25 04:48:23,53.78,20.49,50.0,100,92,3.36
552,Tomatlan,MX,2020-08-25 04:48:23,19.93,-105.25,77.81,89,49,2.51
553,Rozkishne,UA,2020-08-25 04:48:23,48.5,37.59,70.99,37,0,3.56
